<?xml version="1.0" encoding="UTF-8"?>
<project-private xmlns="http://www.netbeans.org/ns/project-private/1">
    <editor-bookmarks xmlns="http://www.netbeans.org/ns/editor-bookmarks/1"/>
    <editor-bookmarks xmlns="http://www.netbeans.org/ns/editor-bookmarks/2" lastBookmarkId="0"/>
    <open-files xmlns="http://www.netbeans.org/ns/projectui-open-files/2">
        <group>
            <file>file:/Users/octavio/Documents/Courses/Distributed%20Systems%20Course/Official%20slides%202016/projects/JMSqueuesThePotatoGame/src/java/game/Player.java</file>
            <file>file:/Users/octavio/Documents/Courses/Distributed%20Systems%20Course/Official%20slides%202016/projects/JMSqueuesThePotatoGame/src/java/game/Main.java</file>
        </group>
    </open-files>
</project-private>
